--
-- PostgreSQL database dump
--

-- Dumped from database version 9.2.23
-- Dumped by pg_dump version 9.2.23
-- Started on 2023-07-15 15:23:16

SET statement_timeout = 0;
SET client_encoding = 'UTF8';
SET standard_conforming_strings = on;
SET check_function_bodies = false;
SET client_min_messages = warning;

--
-- TOC entry 1 (class 3079 OID 11727)
-- Name: plpgsql; Type: EXTENSION; Schema: -; Owner: 
--

CREATE EXTENSION IF NOT EXISTS plpgsql WITH SCHEMA pg_catalog;


--
-- TOC entry 2107 (class 0 OID 0)
-- Dependencies: 1
-- Name: EXTENSION plpgsql; Type: COMMENT; Schema: -; Owner: 
--

COMMENT ON EXTENSION plpgsql IS 'PL/pgSQL procedural language';


SET search_path = public, pg_catalog;

SET default_tablespace = '';

SET default_with_oids = false;

--
-- TOC entry 179 (class 1259 OID 118275)
-- Name: cliente; Type: TABLE; Schema: public; Owner: postgres; Tablespace: 
--

CREATE TABLE cliente (
    id character varying(32) NOT NULL,
    codigo character varying(255),
    fechacreacion timestamp without time zone,
    nombre character varying(255),
    usuario character varying(50),
    apellido character varying(255),
    fechamodificacion timestamp without time zone,
    domicilio_id character varying(32) NOT NULL
);


ALTER TABLE public.cliente OWNER TO postgres;

--
-- TOC entry 180 (class 1259 OID 118283)
-- Name: domicilio; Type: TABLE; Schema: public; Owner: postgres; Tablespace: 
--

CREATE TABLE domicilio (
    id character varying(32) NOT NULL,
    codigo character varying(255),
    fechacreacion timestamp without time zone,
    nombre character varying(255),
    usuario character varying(50),
    calle character varying(255),
    codigopostal character varying(255),
    numero character varying(255),
    provincia_id character varying(32) NOT NULL
);


ALTER TABLE public.domicilio OWNER TO postgres;

--
-- TOC entry 181 (class 1259 OID 118291)
-- Name: empresa; Type: TABLE; Schema: public; Owner: postgres; Tablespace: 
--

CREATE TABLE empresa (
    id character varying(32) NOT NULL,
    codigo character varying(255),
    fechacreacion timestamp without time zone,
    nombre character varying(255),
    usuario character varying(50)
);


ALTER TABLE public.empresa OWNER TO postgres;

--
-- TOC entry 182 (class 1259 OID 118299)
-- Name: facturaventa; Type: TABLE; Schema: public; Owner: postgres; Tablespace: 
--

CREATE TABLE facturaventa (
    id character varying(32) NOT NULL,
    codigo character varying(255),
    fechacreacion timestamp without time zone,
    nombre character varying(255),
    usuario character varying(50),
    estado integer,
    fecha timestamp without time zone,
    numero character varying(255),
    empresa_id character varying(32) NOT NULL,
    cliente_id character varying(32) NOT NULL,
    receta_id character varying(32) NOT NULL
);


ALTER TABLE public.facturaventa OWNER TO postgres;

--
-- TOC entry 183 (class 1259 OID 118307)
-- Name: images; Type: TABLE; Schema: public; Owner: postgres; Tablespace: 
--

CREATE TABLE images (
    id character varying(255) NOT NULL,
    gallery character varying(255),
    image bytea
);


ALTER TABLE public.images OWNER TO postgres;

--
-- TOC entry 184 (class 1259 OID 118315)
-- Name: itemfacturaventa; Type: TABLE; Schema: public; Owner: postgres; Tablespace: 
--

CREATE TABLE itemfacturaventa (
    id character varying(32) NOT NULL,
    cantidad numeric(19,2),
    descuento numeric(19,2),
    producto_id character varying(32) NOT NULL,
    venta_id character varying(32) NOT NULL
);


ALTER TABLE public.itemfacturaventa OWNER TO postgres;

--
-- TOC entry 185 (class 1259 OID 118320)
-- Name: numerador; Type: TABLE; Schema: public; Owner: postgres; Tablespace: 
--

CREATE TABLE numerador (
    id character varying(32) NOT NULL,
    codigo character varying(255),
    fechacreacion timestamp without time zone,
    nombre character varying(255),
    usuario character varying(50),
    cantidaddigitos integer,
    prefijo character varying(255),
    proximonumero bigint
);


ALTER TABLE public.numerador OWNER TO postgres;

--
-- TOC entry 169 (class 1259 OID 90617)
-- Name: oxconfiguration; Type: TABLE; Schema: public; Owner: postgres; Tablespace: 
--

CREATE TABLE oxconfiguration (
    id integer NOT NULL,
    forcechangepassworddays integer NOT NULL,
    forceletterandnumbersinpasswd character(1),
    guestcancreateaccount character varying(1) DEFAULT 'Y'::character varying NOT NULL,
    guestcancreateaccountinorgs character varying(1) DEFAULT 'Y'::character varying NOT NULL,
    inactivedaysbeforedisuser integer,
    locksessionminutes integer NOT NULL,
    loginattemptsbeforelocking integer NOT NULL,
    passwordminlength integer NOT NULL,
    privacypolicyonsignup character varying(1) DEFAULT 'N'::character varying NOT NULL,
    recentpasswordsnotallowed character(1) NOT NULL,
    sharedusersbetweenorgs character varying(1) DEFAULT 'N'::character varying NOT NULL,
    useemailasusername character varying(1) DEFAULT 'N'::character varying NOT NULL
);


ALTER TABLE public.oxconfiguration OWNER TO postgres;

--
-- TOC entry 170 (class 1259 OID 90627)
-- Name: oxfolders; Type: TABLE; Schema: public; Owner: postgres; Tablespace: 
--

CREATE TABLE oxfolders (
    id character varying(32) NOT NULL,
    icon character varying(40),
    name character varying(25),
    orderinfolder integer,
    parent_id character varying(32)
);


ALTER TABLE public.oxfolders OWNER TO postgres;

--
-- TOC entry 186 (class 1259 OID 118328)
-- Name: oxhistory; Type: TABLE; Schema: public; Owner: postgres; Tablespace: 
--

CREATE TABLE oxhistory (
    id character varying(32) NOT NULL,
    action character varying(255),
    changes character varying(255),
    datetime timestamp without time zone,
    entity character varying(100),
    ip character varying(15),
    entitykey character varying(100),
    username character varying(30)
);


ALTER TABLE public.oxhistory OWNER TO postgres;

--
-- TOC entry 171 (class 1259 OID 90632)
-- Name: oxmodules; Type: TABLE; Schema: public; Owner: postgres; Tablespace: 
--

CREATE TABLE oxmodules (
    name character varying(80) NOT NULL,
    application character varying(50) NOT NULL,
    hidden character(1) NOT NULL,
    orderinfolder integer,
    unrestricted character(1) NOT NULL,
    folder_id character varying(32)
);


ALTER TABLE public.oxmodules OWNER TO postgres;

--
-- TOC entry 172 (class 1259 OID 90637)
-- Name: oxorganizations; Type: TABLE; Schema: public; Owner: postgres; Tablespace: 
--

CREATE TABLE oxorganizations (
    id character varying(50) NOT NULL,
    name character varying(50)
);


ALTER TABLE public.oxorganizations OWNER TO postgres;

--
-- TOC entry 173 (class 1259 OID 90642)
-- Name: oxroles; Type: TABLE; Schema: public; Owner: postgres; Tablespace: 
--

CREATE TABLE oxroles (
    name character varying(30) NOT NULL,
    description character varying(80)
);


ALTER TABLE public.oxroles OWNER TO postgres;

--
-- TOC entry 174 (class 1259 OID 90647)
-- Name: oxroles_oxmodules; Type: TABLE; Schema: public; Owner: postgres; Tablespace: 
--

CREATE TABLE oxroles_oxmodules (
    excludedactions character varying(1000),
    excludedmembers character varying(1000),
    readonlymembers character varying(1000),
    roles_name character varying(30) NOT NULL,
    modules_name character varying(80) NOT NULL,
    modules_application character varying(50) NOT NULL
);


ALTER TABLE public.oxroles_oxmodules OWNER TO postgres;

--
-- TOC entry 175 (class 1259 OID 90655)
-- Name: oxsessionsrecord; Type: TABLE; Schema: public; Owner: postgres; Tablespace: 
--

CREATE TABLE oxsessionsrecord (
    id character varying(32) NOT NULL,
    singintime timestamp without time zone,
    user_name character varying(30)
);


ALTER TABLE public.oxsessionsrecord OWNER TO postgres;

--
-- TOC entry 176 (class 1259 OID 90660)
-- Name: oxusers; Type: TABLE; Schema: public; Owner: postgres; Tablespace: 
--

CREATE TABLE oxusers (
    name character varying(30) NOT NULL,
    active character(1) NOT NULL,
    authenticatewithldap character(1) NOT NULL,
    birthdate timestamp without time zone,
    creationdate timestamp without time zone,
    email character varying(60),
    failedloginattempts integer NOT NULL,
    familyname character varying(30),
    forcechangepassword character(1) NOT NULL,
    givenname character varying(30),
    jobtitle character varying(30),
    lastlogindate timestamp without time zone,
    lastpasswordchangedate timestamp without time zone,
    middlename character varying(30),
    nickname character varying(30),
    password character varying(41),
    passwordrecoveringcode character varying(32),
    passwordrecoveringdate timestamp without time zone,
    privacypolicyacceptancedate timestamp without time zone,
    recentpassword1 character varying(41),
    recentpassword2 character varying(41),
    recentpassword3 character varying(41),
    recentpassword4 character varying(41)
);


ALTER TABLE public.oxusers OWNER TO postgres;

--
-- TOC entry 177 (class 1259 OID 90668)
-- Name: oxusers_oxorganizations; Type: TABLE; Schema: public; Owner: postgres; Tablespace: 
--

CREATE TABLE oxusers_oxorganizations (
    oxusers_name character varying(30) NOT NULL,
    organizations_id character varying(50) NOT NULL
);


ALTER TABLE public.oxusers_oxorganizations OWNER TO postgres;

--
-- TOC entry 178 (class 1259 OID 90671)
-- Name: oxusers_oxroles; Type: TABLE; Schema: public; Owner: postgres; Tablespace: 
--

CREATE TABLE oxusers_oxroles (
    oxusers_name character varying(30) NOT NULL,
    roles_name character varying(30) NOT NULL
);


ALTER TABLE public.oxusers_oxroles OWNER TO postgres;

--
-- TOC entry 187 (class 1259 OID 118336)
-- Name: pais; Type: TABLE; Schema: public; Owner: postgres; Tablespace: 
--

CREATE TABLE pais (
    id character varying(32) NOT NULL,
    codigo character varying(255),
    fechacreacion timestamp without time zone,
    nombre character varying(255),
    usuario character varying(50),
    pais character varying(255)
);


ALTER TABLE public.pais OWNER TO postgres;

--
-- TOC entry 188 (class 1259 OID 118344)
-- Name: producto; Type: TABLE; Schema: public; Owner: postgres; Tablespace: 
--

CREATE TABLE producto (
    id character varying(32) NOT NULL,
    codigo character varying(255),
    fechacreacion timestamp without time zone,
    nombre character varying(255),
    usuario character varying(50)
);


ALTER TABLE public.producto OWNER TO postgres;

--
-- TOC entry 189 (class 1259 OID 118352)
-- Name: provincia; Type: TABLE; Schema: public; Owner: postgres; Tablespace: 
--

CREATE TABLE provincia (
    id character varying(32) NOT NULL,
    codigo character varying(255),
    fechacreacion timestamp without time zone,
    nombre character varying(255),
    usuario character varying(50),
    provincia character varying(255),
    pais_id character varying(32) NOT NULL
);


ALTER TABLE public.provincia OWNER TO postgres;

--
-- TOC entry 190 (class 1259 OID 118360)
-- Name: recetamedica; Type: TABLE; Schema: public; Owner: postgres; Tablespace: 
--

CREATE TABLE recetamedica (
    id character varying(32) NOT NULL,
    codigo character varying(255),
    fechacreacion timestamp without time zone,
    nombre character varying(255),
    usuario character varying(50),
    estado integer,
    fecha timestamp without time zone,
    numero character varying(255),
    distanciainterpupilar character varying(255),
    cilindrico character varying(8),
    cilindrico2 character varying(8),
    eje character varying(8),
    eje2 character varying(8),
    esferico character varying(8),
    esferico2 character varying(8),
    numerodesobre character varying(255),
    tipodelente integer,
    empresa_id character varying(32) NOT NULL,
    cliente_id character varying(32) NOT NULL
);


ALTER TABLE public.recetamedica OWNER TO postgres;

--
-- TOC entry 2088 (class 0 OID 118275)
-- Dependencies: 179
-- Data for Name: cliente; Type: TABLE DATA; Schema: public; Owner: postgres
--

COPY cliente (id, codigo, fechacreacion, nombre, usuario, apellido, fechamodificacion, domicilio_id) FROM stdin;
402880b98957b400018957b8231a0005	ER	2023-07-15 01:03:00	Ezequiel 	admin	Reherman	2023-07-15 01:04:02.127	402880b98957b400018957b816000004
\.


--
-- TOC entry 2089 (class 0 OID 118283)
-- Dependencies: 180
-- Data for Name: domicilio; Type: TABLE DATA; Schema: public; Owner: postgres
--

COPY domicilio (id, codigo, fechacreacion, nombre, usuario, calle, codigopostal, numero, provincia_id) FROM stdin;
402880b98957b400018957b816000004	\N	2023-07-15 01:03:49.376	\N	admin	Falsa	1	1234	402880b98957b400018957b7accc0003
\.


--
-- TOC entry 2090 (class 0 OID 118291)
-- Dependencies: 181
-- Data for Name: empresa; Type: TABLE DATA; Schema: public; Owner: postgres
--

COPY empresa (id, codigo, fechacreacion, nombre, usuario) FROM stdin;
402880b98957b400018957b87f1c0006	N	2023-07-15 01:04:16.283	NA	admin
\.


--
-- TOC entry 2091 (class 0 OID 118299)
-- Dependencies: 182
-- Data for Name: facturaventa; Type: TABLE DATA; Schema: public; Owner: postgres
--

COPY facturaventa (id, codigo, fechacreacion, nombre, usuario, estado, fecha, numero, empresa_id, cliente_id, receta_id) FROM stdin;
402880b98957b400018957b8ecac0008	\N	2023-07-15 01:04:44.332	\N	admin	0	2023-07-15 00:00:00		402880b98957b400018957b87f1c0006	402880b98957b400018957b8231a0005	402880b98957b400018957b8e5e30007
\.


--
-- TOC entry 2092 (class 0 OID 118307)
-- Dependencies: 183
-- Data for Name: images; Type: TABLE DATA; Schema: public; Owner: postgres
--

COPY images (id, gallery, image) FROM stdin;
\.


--
-- TOC entry 2093 (class 0 OID 118315)
-- Dependencies: 184
-- Data for Name: itemfacturaventa; Type: TABLE DATA; Schema: public; Owner: postgres
--

COPY itemfacturaventa (id, cantidad, descuento, producto_id, venta_id) FROM stdin;
\.


--
-- TOC entry 2094 (class 0 OID 118320)
-- Dependencies: 185
-- Data for Name: numerador; Type: TABLE DATA; Schema: public; Owner: postgres
--

COPY numerador (id, codigo, fechacreacion, nombre, usuario, cantidaddigitos, prefijo, proximonumero) FROM stdin;
\.


--
-- TOC entry 2078 (class 0 OID 90617)
-- Dependencies: 169
-- Data for Name: oxconfiguration; Type: TABLE DATA; Schema: public; Owner: postgres
--

COPY oxconfiguration (id, forcechangepassworddays, forceletterandnumbersinpasswd, guestcancreateaccount, guestcancreateaccountinorgs, inactivedaysbeforedisuser, locksessionminutes, loginattemptsbeforelocking, passwordminlength, privacypolicyonsignup, recentpasswordsnotallowed, sharedusersbetweenorgs, useemailasusername) FROM stdin;
\.


--
-- TOC entry 2079 (class 0 OID 90627)
-- Dependencies: 170
-- Data for Name: oxfolders; Type: TABLE DATA; Schema: public; Owner: postgres
--

COPY oxfolders (id, icon, name, orderinfolder, parent_id) FROM stdin;
402880b989577de10189577dfaa70000	account-multiple	Admin	9999	\N
\.


--
-- TOC entry 2095 (class 0 OID 118328)
-- Dependencies: 186
-- Data for Name: oxhistory; Type: TABLE DATA; Schema: public; Owner: postgres
--

COPY oxhistory (id, action, changes, datetime, entity, ip, entitykey, username) FROM stdin;
\.


--
-- TOC entry 2080 (class 0 OID 90632)
-- Dependencies: 171
-- Data for Name: oxmodules; Type: TABLE DATA; Schema: public; Owner: postgres
--

COPY oxmodules (name, application, hidden, orderinfolder, unrestricted, folder_id) FROM stdin;
Numerador	FullOptica	N	9999	N	\N
Empresa	FullOptica	N	9999	N	\N
Producto	FullOptica	N	9999	N	\N
RecetaMedica	FullOptica	N	9999	N	\N
Domicilio	FullOptica	N	9999	N	\N
FacturaVenta	FullOptica	N	9999	N	\N
ItemFacturaVenta	FullOptica	N	9999	N	\N
Cliente	FullOptica	N	9999	N	\N
Provincia	FullOptica	N	9999	N	\N
Pais	FullOptica	N	9999	N	\N
ChangePassword	FullOptica	N	9999	N	402880b989577de10189577dfaa70000
User	FullOptica	N	9999	N	402880b989577de10189577dfaa70000
Organization	FullOptica	N	9999	N	402880b989577de10189577dfaa70000
Configuration	FullOptica	N	9999	N	402880b989577de10189577dfaa70000
MyPersonalData	FullOptica	N	9999	N	402880b989577de10189577dfaa70000
ModuleRights	FullOptica	Y	9999	N	402880b989577de10189577dfaa70000
Folder	FullOptica	N	9999	N	402880b989577de10189577dfaa70000
History	FullOptica	N	9999	N	402880b989577de10189577dfaa70000
ConfigurationRecord	FullOptica	Y	9999	N	402880b989577de10189577dfaa70000
Role	FullOptica	N	9999	N	402880b989577de10189577dfaa70000
Module	FullOptica	N	9999	N	402880b989577de10189577dfaa70000
SessionRecord	FullOptica	Y	9999	N	402880b989577de10189577dfaa70000
\.


--
-- TOC entry 2081 (class 0 OID 90637)
-- Dependencies: 172
-- Data for Name: oxorganizations; Type: TABLE DATA; Schema: public; Owner: postgres
--

COPY oxorganizations (id, name) FROM stdin;
\.


--
-- TOC entry 2082 (class 0 OID 90642)
-- Dependencies: 173
-- Data for Name: oxroles; Type: TABLE DATA; Schema: public; Owner: postgres
--

COPY oxroles (name, description) FROM stdin;
admin	Manages users, roles, folder, modules, organizations, etc.
user	With access to all modules except administration ones
self sign up	Add to this role the modules available for the self sign up users
\.


--
-- TOC entry 2083 (class 0 OID 90647)
-- Dependencies: 174
-- Data for Name: oxroles_oxmodules; Type: TABLE DATA; Schema: public; Owner: postgres
--

COPY oxroles_oxmodules (excludedactions, excludedmembers, readonlymembers, roles_name, modules_name, modules_application) FROM stdin;
\N	\N	\N	admin	User	FullOptica
\N	\N	\N	admin	Organization	FullOptica
\N	\N	\N	admin	Configuration	FullOptica
\N	\N	\N	admin	ModuleRights	FullOptica
\N	\N	\N	admin	Folder	FullOptica
\N	\N	\N	admin	History	FullOptica
\N	\N	\N	admin	ConfigurationRecord	FullOptica
\N	\N	\N	admin	Role	FullOptica
\N	\N	\N	admin	Module	FullOptica
\N	\N	\N	admin	SessionRecord	FullOptica
\N	\N	\N	user	ChangePassword	FullOptica
\N	\N	\N	user	Numerador	FullOptica
\N	\N	\N	user	Empresa	FullOptica
\N	\N	\N	user	Producto	FullOptica
\N	\N	\N	user	MyPersonalData	FullOptica
\N	\N	\N	user	RecetaMedica	FullOptica
\N	\N	\N	user	Domicilio	FullOptica
\N	\N	\N	user	FacturaVenta	FullOptica
\N	\N	\N	user	ItemFacturaVenta	FullOptica
\N	\N	\N	user	Cliente	FullOptica
\N	\N	\N	user	Provincia	FullOptica
\N	\N	\N	user	Pais	FullOptica
\N	\N	\N	self sign up	ChangePassword	FullOptica
\N	\N	\N	self sign up	MyPersonalData	FullOptica
\.


--
-- TOC entry 2084 (class 0 OID 90655)
-- Dependencies: 175
-- Data for Name: oxsessionsrecord; Type: TABLE DATA; Schema: public; Owner: postgres
--

COPY oxsessionsrecord (id, singintime, user_name) FROM stdin;
402880b98957865c01895786b4590000	2023-07-15 00:09:53.085	admin
402880b98957b400018957b451c30000	2023-07-15 00:59:42.503	admin
402880b98957b40001895aba4aac0009	2023-07-15 15:05:05.579	admin
\.


--
-- TOC entry 2085 (class 0 OID 90660)
-- Dependencies: 176
-- Data for Name: oxusers; Type: TABLE DATA; Schema: public; Owner: postgres
--

COPY oxusers (name, active, authenticatewithldap, birthdate, creationdate, email, failedloginattempts, familyname, forcechangepassword, givenname, jobtitle, lastlogindate, lastpasswordchangedate, middlename, nickname, password, passwordrecoveringcode, passwordrecoveringdate, privacypolicyacceptancedate, recentpassword1, recentpassword2, recentpassword3, recentpassword4) FROM stdin;
admin	Y	N	\N	2023-07-15 00:00:21.266	\N	0	\N	N	\N	\N	2023-07-15 15:05:05.579	2023-07-15 00:00:21.266	\N	\N	-2fcc1dd51cb7514a99f03debf513ca7af3b25669	\N	\N	\N	\N	\N	\N	\N
\.


--
-- TOC entry 2086 (class 0 OID 90668)
-- Dependencies: 177
-- Data for Name: oxusers_oxorganizations; Type: TABLE DATA; Schema: public; Owner: postgres
--

COPY oxusers_oxorganizations (oxusers_name, organizations_id) FROM stdin;
\.


--
-- TOC entry 2087 (class 0 OID 90671)
-- Dependencies: 178
-- Data for Name: oxusers_oxroles; Type: TABLE DATA; Schema: public; Owner: postgres
--

COPY oxusers_oxroles (oxusers_name, roles_name) FROM stdin;
admin	admin
admin	user
\.


--
-- TOC entry 2096 (class 0 OID 118336)
-- Dependencies: 187
-- Data for Name: pais; Type: TABLE DATA; Schema: public; Owner: postgres
--

COPY pais (id, codigo, fechacreacion, nombre, usuario, pais) FROM stdin;
402880b98957b400018957b747660001	A	2023-07-15 01:02:56.486	argentina	admin	Argentina
\.


--
-- TOC entry 2097 (class 0 OID 118344)
-- Dependencies: 188
-- Data for Name: producto; Type: TABLE DATA; Schema: public; Owner: postgres
--

COPY producto (id, codigo, fechacreacion, nombre, usuario) FROM stdin;
\.


--
-- TOC entry 2098 (class 0 OID 118352)
-- Dependencies: 189
-- Data for Name: provincia; Type: TABLE DATA; Schema: public; Owner: postgres
--

COPY provincia (id, codigo, fechacreacion, nombre, usuario, provincia, pais_id) FROM stdin;
402880b98957b400018957b74dbc0002	\N	2023-07-15 01:02:00	\N	admin	Bs As	402880b98957b400018957b747660001
402880b98957b400018957b7accc0003	\N	2023-07-15 01:03:22.444	\N	admin	CABA	402880b98957b400018957b747660001
\.


--
-- TOC entry 2099 (class 0 OID 118360)
-- Dependencies: 190
-- Data for Name: recetamedica; Type: TABLE DATA; Schema: public; Owner: postgres
--

COPY recetamedica (id, codigo, fechacreacion, nombre, usuario, estado, fecha, numero, distanciainterpupilar, cilindrico, cilindrico2, eje, eje2, esferico, esferico2, numerodesobre, tipodelente, empresa_id, cliente_id) FROM stdin;
402880b98957b400018957b8e5e30007	\N	2023-07-15 01:04:42.595	\N	admin	0	\N	1	123	123	12	123	3123	123	123	13545	1	402880b98957b400018957b87f1c0006	402880b98957b400018957b8231a0005
\.


--
-- TOC entry 1930 (class 2606 OID 118282)
-- Name: cliente_pkey; Type: CONSTRAINT; Schema: public; Owner: postgres; Tablespace: 
--

ALTER TABLE ONLY cliente
    ADD CONSTRAINT cliente_pkey PRIMARY KEY (id);


--
-- TOC entry 1932 (class 2606 OID 118290)
-- Name: domicilio_pkey; Type: CONSTRAINT; Schema: public; Owner: postgres; Tablespace: 
--

ALTER TABLE ONLY domicilio
    ADD CONSTRAINT domicilio_pkey PRIMARY KEY (id);


--
-- TOC entry 1934 (class 2606 OID 118298)
-- Name: empresa_pkey; Type: CONSTRAINT; Schema: public; Owner: postgres; Tablespace: 
--

ALTER TABLE ONLY empresa
    ADD CONSTRAINT empresa_pkey PRIMARY KEY (id);


--
-- TOC entry 1936 (class 2606 OID 118306)
-- Name: facturaventa_pkey; Type: CONSTRAINT; Schema: public; Owner: postgres; Tablespace: 
--

ALTER TABLE ONLY facturaventa
    ADD CONSTRAINT facturaventa_pkey PRIMARY KEY (id);


--
-- TOC entry 1938 (class 2606 OID 118314)
-- Name: images_pkey; Type: CONSTRAINT; Schema: public; Owner: postgres; Tablespace: 
--

ALTER TABLE ONLY images
    ADD CONSTRAINT images_pkey PRIMARY KEY (id);


--
-- TOC entry 1940 (class 2606 OID 118319)
-- Name: itemfacturaventa_pkey; Type: CONSTRAINT; Schema: public; Owner: postgres; Tablespace: 
--

ALTER TABLE ONLY itemfacturaventa
    ADD CONSTRAINT itemfacturaventa_pkey PRIMARY KEY (id);


--
-- TOC entry 1942 (class 2606 OID 118327)
-- Name: numerador_pkey; Type: CONSTRAINT; Schema: public; Owner: postgres; Tablespace: 
--

ALTER TABLE ONLY numerador
    ADD CONSTRAINT numerador_pkey PRIMARY KEY (id);


--
-- TOC entry 1911 (class 2606 OID 90626)
-- Name: oxconfiguration_pkey; Type: CONSTRAINT; Schema: public; Owner: postgres; Tablespace: 
--

ALTER TABLE ONLY oxconfiguration
    ADD CONSTRAINT oxconfiguration_pkey PRIMARY KEY (id);


--
-- TOC entry 1914 (class 2606 OID 90631)
-- Name: oxfolders_pkey; Type: CONSTRAINT; Schema: public; Owner: postgres; Tablespace: 
--

ALTER TABLE ONLY oxfolders
    ADD CONSTRAINT oxfolders_pkey PRIMARY KEY (id);


--
-- TOC entry 1944 (class 2606 OID 118335)
-- Name: oxhistory_pkey; Type: CONSTRAINT; Schema: public; Owner: postgres; Tablespace: 
--

ALTER TABLE ONLY oxhistory
    ADD CONSTRAINT oxhistory_pkey PRIMARY KEY (id);


--
-- TOC entry 1916 (class 2606 OID 90636)
-- Name: oxmodules_pkey; Type: CONSTRAINT; Schema: public; Owner: postgres; Tablespace: 
--

ALTER TABLE ONLY oxmodules
    ADD CONSTRAINT oxmodules_pkey PRIMARY KEY (name, application);


--
-- TOC entry 1918 (class 2606 OID 90641)
-- Name: oxorganizations_pkey; Type: CONSTRAINT; Schema: public; Owner: postgres; Tablespace: 
--

ALTER TABLE ONLY oxorganizations
    ADD CONSTRAINT oxorganizations_pkey PRIMARY KEY (id);


--
-- TOC entry 1922 (class 2606 OID 90654)
-- Name: oxroles_oxmodules_pkey; Type: CONSTRAINT; Schema: public; Owner: postgres; Tablespace: 
--

ALTER TABLE ONLY oxroles_oxmodules
    ADD CONSTRAINT oxroles_oxmodules_pkey PRIMARY KEY (roles_name, modules_name, modules_application);


--
-- TOC entry 1920 (class 2606 OID 90646)
-- Name: oxroles_pkey; Type: CONSTRAINT; Schema: public; Owner: postgres; Tablespace: 
--

ALTER TABLE ONLY oxroles
    ADD CONSTRAINT oxroles_pkey PRIMARY KEY (name);


--
-- TOC entry 1924 (class 2606 OID 90659)
-- Name: oxsessionsrecord_pkey; Type: CONSTRAINT; Schema: public; Owner: postgres; Tablespace: 
--

ALTER TABLE ONLY oxsessionsrecord
    ADD CONSTRAINT oxsessionsrecord_pkey PRIMARY KEY (id);


--
-- TOC entry 1928 (class 2606 OID 90667)
-- Name: oxusers_pkey; Type: CONSTRAINT; Schema: public; Owner: postgres; Tablespace: 
--

ALTER TABLE ONLY oxusers
    ADD CONSTRAINT oxusers_pkey PRIMARY KEY (name);


--
-- TOC entry 1946 (class 2606 OID 118343)
-- Name: pais_pkey; Type: CONSTRAINT; Schema: public; Owner: postgres; Tablespace: 
--

ALTER TABLE ONLY pais
    ADD CONSTRAINT pais_pkey PRIMARY KEY (id);


--
-- TOC entry 1948 (class 2606 OID 118351)
-- Name: producto_pkey; Type: CONSTRAINT; Schema: public; Owner: postgres; Tablespace: 
--

ALTER TABLE ONLY producto
    ADD CONSTRAINT producto_pkey PRIMARY KEY (id);


--
-- TOC entry 1950 (class 2606 OID 118359)
-- Name: provincia_pkey; Type: CONSTRAINT; Schema: public; Owner: postgres; Tablespace: 
--

ALTER TABLE ONLY provincia
    ADD CONSTRAINT provincia_pkey PRIMARY KEY (id);


--
-- TOC entry 1952 (class 2606 OID 118367)
-- Name: recetamedica_pkey; Type: CONSTRAINT; Schema: public; Owner: postgres; Tablespace: 
--

ALTER TABLE ONLY recetamedica
    ADD CONSTRAINT recetamedica_pkey PRIMARY KEY (id);


--
-- TOC entry 1925 (class 1259 OID 90675)
-- Name: idx1kr6bnx5w22vlyob1y4p8qqft; Type: INDEX; Schema: public; Owner: postgres; Tablespace: 
--

CREATE INDEX idx1kr6bnx5w22vlyob1y4p8qqft ON oxusers USING btree (email);


--
-- TOC entry 1926 (class 1259 OID 90676)
-- Name: idx4scpsyerabcdjqu5hj2yq3el7; Type: INDEX; Schema: public; Owner: postgres; Tablespace: 
--

CREATE INDEX idx4scpsyerabcdjqu5hj2yq3el7 ON oxusers USING btree (passwordrecoveringcode);


--
-- TOC entry 1912 (class 1259 OID 90674)
-- Name: idxlgjiwadcond97x6o36c8ifjfa; Type: INDEX; Schema: public; Owner: postgres; Tablespace: 
--

CREATE INDEX idxlgjiwadcond97x6o36c8ifjfa ON oxfolders USING btree (name);


--
-- TOC entry 1968 (class 2606 OID 118398)
-- Name: fk2y8xh031pkrynk6yg4cjdkqjg; Type: FK CONSTRAINT; Schema: public; Owner: postgres
--

ALTER TABLE ONLY itemfacturaventa
    ADD CONSTRAINT fk2y8xh031pkrynk6yg4cjdkqjg FOREIGN KEY (venta_id) REFERENCES facturaventa(id);


--
-- TOC entry 1965 (class 2606 OID 118383)
-- Name: fk34p9ioh5h5qw30q62ddjxguio; Type: FK CONSTRAINT; Schema: public; Owner: postgres
--

ALTER TABLE ONLY facturaventa
    ADD CONSTRAINT fk34p9ioh5h5qw30q62ddjxguio FOREIGN KEY (cliente_id) REFERENCES cliente(id);


--
-- TOC entry 1960 (class 2606 OID 90712)
-- Name: fk4mq23r96bfd132cp2qbr6yr8y; Type: FK CONSTRAINT; Schema: public; Owner: postgres
--

ALTER TABLE ONLY oxusers_oxroles
    ADD CONSTRAINT fk4mq23r96bfd132cp2qbr6yr8y FOREIGN KEY (roles_name) REFERENCES oxroles(name);


--
-- TOC entry 1954 (class 2606 OID 90682)
-- Name: fk5bx1gx2d8yiwpbk82e2nnc0sh; Type: FK CONSTRAINT; Schema: public; Owner: postgres
--

ALTER TABLE ONLY oxmodules
    ADD CONSTRAINT fk5bx1gx2d8yiwpbk82e2nnc0sh FOREIGN KEY (folder_id) REFERENCES oxfolders(id);


--
-- TOC entry 1970 (class 2606 OID 118408)
-- Name: fk5vx2huridobuuuj2oxxnpax83; Type: FK CONSTRAINT; Schema: public; Owner: postgres
--

ALTER TABLE ONLY recetamedica
    ADD CONSTRAINT fk5vx2huridobuuuj2oxxnpax83 FOREIGN KEY (empresa_id) REFERENCES empresa(id);


--
-- TOC entry 1959 (class 2606 OID 90707)
-- Name: fk69m3xi014uyty428sxvb4gn5r; Type: FK CONSTRAINT; Schema: public; Owner: postgres
--

ALTER TABLE ONLY oxusers_oxorganizations
    ADD CONSTRAINT fk69m3xi014uyty428sxvb4gn5r FOREIGN KEY (oxusers_name) REFERENCES oxusers(name);


--
-- TOC entry 1966 (class 2606 OID 118388)
-- Name: fk85h5vpvjgestxv3sikjb4p8wh; Type: FK CONSTRAINT; Schema: public; Owner: postgres
--

ALTER TABLE ONLY facturaventa
    ADD CONSTRAINT fk85h5vpvjgestxv3sikjb4p8wh FOREIGN KEY (receta_id) REFERENCES recetamedica(id);


--
-- TOC entry 1962 (class 2606 OID 118368)
-- Name: fkcq4gjm8xqrmk32yc6usthea9n; Type: FK CONSTRAINT; Schema: public; Owner: postgres
--

ALTER TABLE ONLY cliente
    ADD CONSTRAINT fkcq4gjm8xqrmk32yc6usthea9n FOREIGN KEY (domicilio_id) REFERENCES domicilio(id);


--
-- TOC entry 1957 (class 2606 OID 90697)
-- Name: fkdwtw9vgwivinpffh0p00wsphr; Type: FK CONSTRAINT; Schema: public; Owner: postgres
--

ALTER TABLE ONLY oxsessionsrecord
    ADD CONSTRAINT fkdwtw9vgwivinpffh0p00wsphr FOREIGN KEY (user_name) REFERENCES oxusers(name);


--
-- TOC entry 1958 (class 2606 OID 90702)
-- Name: fkeunblsb6qmnc6fcw8fdhbyqn2; Type: FK CONSTRAINT; Schema: public; Owner: postgres
--

ALTER TABLE ONLY oxusers_oxorganizations
    ADD CONSTRAINT fkeunblsb6qmnc6fcw8fdhbyqn2 FOREIGN KEY (organizations_id) REFERENCES oxorganizations(id);


--
-- TOC entry 1961 (class 2606 OID 90717)
-- Name: fkf6v8slnpkrswb38wcg5lihs4d; Type: FK CONSTRAINT; Schema: public; Owner: postgres
--

ALTER TABLE ONLY oxusers_oxroles
    ADD CONSTRAINT fkf6v8slnpkrswb38wcg5lihs4d FOREIGN KEY (oxusers_name) REFERENCES oxusers(name);


--
-- TOC entry 1967 (class 2606 OID 118393)
-- Name: fkgwymm8hqx12tc6akhfcft9aoh; Type: FK CONSTRAINT; Schema: public; Owner: postgres
--

ALTER TABLE ONLY itemfacturaventa
    ADD CONSTRAINT fkgwymm8hqx12tc6akhfcft9aoh FOREIGN KEY (producto_id) REFERENCES producto(id);


--
-- TOC entry 1969 (class 2606 OID 118403)
-- Name: fkholidg4y88qtmcmjg83tbl8yh; Type: FK CONSTRAINT; Schema: public; Owner: postgres
--

ALTER TABLE ONLY provincia
    ADD CONSTRAINT fkholidg4y88qtmcmjg83tbl8yh FOREIGN KEY (pais_id) REFERENCES pais(id);


--
-- TOC entry 1963 (class 2606 OID 118373)
-- Name: fkkmo9v159hfdh7eb5h2nt43r4v; Type: FK CONSTRAINT; Schema: public; Owner: postgres
--

ALTER TABLE ONLY domicilio
    ADD CONSTRAINT fkkmo9v159hfdh7eb5h2nt43r4v FOREIGN KEY (provincia_id) REFERENCES provincia(id);


--
-- TOC entry 1964 (class 2606 OID 118378)
-- Name: fklhoauev7cwjh8yn7rgu09cv9f; Type: FK CONSTRAINT; Schema: public; Owner: postgres
--

ALTER TABLE ONLY facturaventa
    ADD CONSTRAINT fklhoauev7cwjh8yn7rgu09cv9f FOREIGN KEY (empresa_id) REFERENCES empresa(id);


--
-- TOC entry 1953 (class 2606 OID 90677)
-- Name: fklp3v9vj6d112rk1wsunkwl2rf; Type: FK CONSTRAINT; Schema: public; Owner: postgres
--

ALTER TABLE ONLY oxfolders
    ADD CONSTRAINT fklp3v9vj6d112rk1wsunkwl2rf FOREIGN KEY (parent_id) REFERENCES oxfolders(id);


--
-- TOC entry 1971 (class 2606 OID 118413)
-- Name: fkra3rk38i4037o6veuwnctj32o; Type: FK CONSTRAINT; Schema: public; Owner: postgres
--

ALTER TABLE ONLY recetamedica
    ADD CONSTRAINT fkra3rk38i4037o6veuwnctj32o FOREIGN KEY (cliente_id) REFERENCES cliente(id);


--
-- TOC entry 1955 (class 2606 OID 90687)
-- Name: fks58jxdqal45a7qvm0d4xt7id3; Type: FK CONSTRAINT; Schema: public; Owner: postgres
--

ALTER TABLE ONLY oxroles_oxmodules
    ADD CONSTRAINT fks58jxdqal45a7qvm0d4xt7id3 FOREIGN KEY (roles_name) REFERENCES oxroles(name);


--
-- TOC entry 1956 (class 2606 OID 90692)
-- Name: fktgaxpdnqnre5fqnre6vptqqpk; Type: FK CONSTRAINT; Schema: public; Owner: postgres
--

ALTER TABLE ONLY oxroles_oxmodules
    ADD CONSTRAINT fktgaxpdnqnre5fqnre6vptqqpk FOREIGN KEY (modules_name, modules_application) REFERENCES oxmodules(name, application);


--
-- TOC entry 2106 (class 0 OID 0)
-- Dependencies: 6
-- Name: public; Type: ACL; Schema: -; Owner: postgres
--

REVOKE ALL ON SCHEMA public FROM PUBLIC;
REVOKE ALL ON SCHEMA public FROM postgres;
GRANT ALL ON SCHEMA public TO postgres;
GRANT ALL ON SCHEMA public TO PUBLIC;


-- Completed on 2023-07-15 15:23:17

--
-- PostgreSQL database dump complete
--

